"","N","moves","sd"
"1",3,72.491,54.023406477632
"2",4,394.38,293.388244860325
"3",5,2397.3,1898.38684576185
"4",6,11868.21,10150.952239051
